index,critical_temp
0,19.978508
1,21.997593
2,84.90848
3,94.656334
4,94.70783
5,67.59961
6,100.74999
7,67.62214
8,72.757225
9,17.373022
10,29.911718
11,17.729042
12,45.087917
13,65.96392
14,87.43188
15,87.43188
16,87.43188
17,87.43188
18,129.55165
19,71.73711
20,33.386562
21,56.830334
22,19.424665
23,66.48805
24,73.70638
25,67.79461
26,29.911718
27,69.0883
28,96.64396
29,96.940056
30,24.937565
31,103.05279
32,118.161285
33,81.74967
34,106.35926
35,66.37172
36,60.446568
37,46.061684
38,63.98753
39,16.345383
40,81.31333
41,76.935585
42,20.570612
43,94.43267
44,87.43188
45,94.43267
46,80.025185
47,92.77167
48,89.623924
49,50.610073
50,79.134575
51,36.53936
52,85.32933
53,70.33722
54,65.96392
55,77.29755
56,72.501945
57,71.752625
58,43.610558
59,54.74748
60,83.96625
61,81.74967
62,84.91959
63,55.930614
64,65.994545
65,47.852566
66,57.502056
67,50.682095
68,56.69814
69,81.74967
70,82.78902
71,57.906155
72,81.787865
73,75.6804
74,29.911718
75,86.77102
76,37.032284
77,30.223057
78,85.92791
79,70.18296
80,80.74646
81,92.01016
82,106.4937
83,23.371296
84,67.835724
85,26.693127
86,73.70638
87,70.39675
88,36.53832
89,35.957798
90,73.033585
91,85.454414
92,73.733864
93,89.10837
94,85.92654
95,72.35549
96,79.88136
97,28.821028
98,85.055824
99,60.98329
100,43.28006
101,74.24946
102,70.01084
103,71.77597
104,78.9062
105,88.84378
106,47.089428
107,10.665119
108,61.35071
109,83.78598
110,72.89787
111,62.455677
112,42.958363
113,85.01058
114,70.069145
115,74.04193
116,70.069145
117,78.40119
118,72.46473
119,62.398468
120,79.13319
121,83.03906
122,88.47361
123,78.51985
124,30.639484
125,87.43188
126,89.79685
127,46.319603
128,118.161285
129,35.66808
130,79.19499
131,81.787865
132,80.70741
133,97.06155
134,110.33655
135,82.73005
136,79.80495
137,8.724283
138,85.32933
139,70.33722
140,71.26714
141,41.21902
142,20.750557
143,18.822367
144,83.96625
145,69.0883
146,66.712074
147,76.38267
148,93.093704
149,39.04456
150,107.67637
151,106.545944
152,99.57603
153,79.337654
154,82.669716
155,87.43188
156,75.845894
157,68.50886
158,47.52869
159,28.323963
160,18.60243
161,81.787865
162,89.0474
163,18.982048
164,13.600542
165,40.776443
166,42.153873
167,85.96268
168,73.27078
169,79.19499
170,37.716827
171,49.79015
172,22.91056
173,19.746124
174,16.63953
175,26.05406
176,29.728802
177,31.107702
178,61.45351
179,23.321724
180,79.95162
181,19.145306
182,29.451195
183,30.976273
184,70.19914
185,61.302933
186,46.432037
187,28.318214
188,64.27402
189,70.87788
190,94.863144
191,28.685284
192,90.23942
193,87.43188
194,93.897125
195,98.79804
196,111.04835
197,111.4235
198,38.69742
199,42.18532
200,55.833225
201,77.37194
202,100.50524
203,114.21168
204,38.185886
205,97.97716
206,78.1769
207,79.19499
208,88.47361
209,89.10837
210,53.468143
211,65.201096
212,67.24327
213,84.91959
214,74.14713
215,60.611996
216,82.957664
217,61.5857
218,79.19499
219,24.808676
220,61.45351
221,23.321724
222,29.911718
223,60.25351
224,56.397076
225,103.86858
226,87.43188
227,72.35595
228,89.83444
229,91.914894
230,29.757446
231,50.074276
232,23.290531
233,76.06493
234,57.519844
235,45.586018
236,64.48802
237,68.33183
238,76.15035
239,82.56599
240,37.001423
241,84.71997
242,80.72091
243,74.9535
244,73.328865
245,84.84253
246,76.46145
247,72.98339
248,70.535545
249,31.139492
250,56.989418
251,47.35906
252,86.35194
253,73.033585
254,55.29873
255,120.024445
256,120.024445
257,65.62419
258,79.339455
259,19.47892
260,113.51198
261,107.41814
262,81.97443
263,85.73365
264,36.113934
265,42.007168
266,85.454414
267,79.55468
268,84.540085
269,81.74967
270,89.79685
271,84.19387
272,111.04835
273,66.03147
274,62.940777
275,59.83911
276,55.3891
277,32.119564
278,17.723843
279,20.83962
280,22.711773
281,22.775255
282,19.47892
283,22.71135
284,76.09024
285,89.79685
286,86.53398
287,19.401037
288,21.591806
289,69.55682
290,69.55682
291,88.977974
292,73.033585
293,12.853464
294,15.890991
295,111.04835
296,53.890755
297,8.4907675
298,74.92961
299,34.039402
300,23.321724
301,29.911718
302,36.53936
303,108.78259
304,109.08106
305,90.07367
306,46.043972
307,28.277966
308,11.969099
309,46.043972
310,78.69788
311,37.330048
312,13.075161
313,13.607306
314,82.4061
315,81.787865
316,27.328747
317,82.38492
318,76.815315
319,30.821623
320,81.787865
321,63.397697
322,77.50291
323,69.59252
324,90.23942
325,49.607212
326,79.11375
327,27.067873
328,24.838085
329,28.821028
330,81.74967
331,18.024597
332,29.911718
333,23.145914
334,23.093456
335,20.340885
336,19.81514
337,19.434662
338,22.589108
339,23.066841
340,20.253773
341,19.66502
342,19.424665
343,17.090446
344,78.69788
345,47.146072
346,75.23658
347,41.713074
348,78.72539
349,30.811111
350,37.5695
351,62.716232
352,41.21902
353,62.685173
354,81.74967
355,92.18851
356,84.898994
357,83.16784
358,40.397873
359,83.65864
360,78.64469
361,87.43188
362,53.901966
363,36.52033
364,69.52875
365,9.600981
366,18.179483
367,32.584156
368,45.98231
369,36.906643
370,87.43188
371,14.841904
372,12.5545845
373,80.053535
374,23.13069
375,22.419508
376,23.282698
377,23.239449
378,80.41563
379,29.282822
380,66.09972
381,21.211891
382,30.439823
383,30.308697
384,85.40807
385,74.92726
386,16.502598
387,16.038382
388,14.446159
389,25.88991
390,55.29873
391,25.599699
392,24.56711
393,75.5511
394,19.746124
395,79.19499
396,111.39752
397,124.80751
398,39.552208
399,38.81985
400,36.894463
401,68.02796
402,61.540337
403,39.65525
404,24.931362
405,49.01507
406,125.764046
407,26.359154
408,20.004093
409,98.39127
410,19.200468
411,40.118267
412,58.2681
413,48.614338
414,85.42431
415,52.015556
416,90.23942
417,55.265915
418,59.863308
419,81.084785
420,47.919415
421,84.74642
422,82.48816
423,75.502464
424,69.44718
425,54.43405
426,81.787865
427,63.552387
428,37.764156
429,82.80224
430,27.79564
431,55.29873
432,55.29873
433,86.30802
434,48.484627
435,27.788536
436,47.889572
437,22.50895
438,76.1095
439,74.74256
440,77.59873
441,82.1793
442,97.35435
443,86.67484
444,68.92398
445,54.622063
446,19.813053
447,79.19499
448,65.73024
449,89.26259
450,56.165665
451,80.594765
452,75.832146
453,38.332882
454,19.939173
455,19.784882
456,76.88851
457,74.98156
458,10.766039
459,44.649296
460,33.244106
461,100.065605
462,96.6415
463,87.976776
464,83.638664
465,45.39228
466,22.342575
467,67.47711
468,62.10979
469,20.736385
470,46.32386
471,58.5104
472,58.930668
473,44.797367
474,55.887947
475,46.308025
476,50.858875
477,13.815443
478,32.32496
479,38.657784
480,52.563168
481,36.634808
482,69.03744
483,30.32248
484,73.9784
485,34.608852
486,24.512173
487,27.14175
488,23.829384
489,20.731613
490,123.18261
491,86.43528
492,86.43814
493,83.22852
494,22.50895
495,22.50895
496,79.19499
497,29.441977
498,73.05039
499,72.18294
500,33.478115
501,19.19281
502,58.629818
503,25.055536
504,72.56582
505,88.900475
506,75.10978
507,73.77676
508,60.418873
509,73.409164
510,58.473873
511,84.79084
512,82.23507
513,64.17591
514,25.055536
515,23.321724
516,82.669716
517,26.359154
518,3.9590278
519,12.00108
520,21.63162
521,64.277596
522,28.821028
523,87.43188
524,62.035
525,44.18584
526,34.792606
527,75.28861
528,69.52551
529,28.821028
530,19.679115
531,19.244965
532,24.8942
533,45.9056
534,53.73093
535,19.083263
536,18.48049
537,109.40898
538,125.05663
539,19.47892
540,87.43188
541,77.53261
542,79.19499
543,114.32657
544,87.43188
545,81.787865
546,116.279274
547,72.82424
548,22.7296
549,23.856874
550,27.542873
551,85.89574
552,89.61625
553,45.217735
554,82.49322
555,80.75598
556,71.72559
557,81.280426
558,73.83437
559,98.14465
560,104.402824
561,109.07428
562,45.824333
563,77.99615
564,35.054592
565,89.780495
566,89.379395
567,51.57944
568,48.962086
569,36.61849
570,30.277225
571,68.520615
572,84.29664
573,83.088524
574,96.46592
575,103.608284
576,66.16605
577,81.20721
578,74.58653
579,33.981113
580,16.500292
581,75.21081
582,26.906237
583,86.87804
584,28.226532
585,112.59463
586,84.20919
587,74.0049
588,70.14113
589,78.400116
590,78.400116
591,34.347282
592,71.74562
593,23.890013
594,70.172676
595,61.760265
596,52.914116
597,78.67342
598,73.85795
599,16.150381
600,15.890991
601,29.714336
602,19.291847
603,26.693127
604,80.99385
605,81.1865
606,15.789228
607,57.457638
608,25.790028
609,24.931362
610,7.2976456
611,89.64776
612,84.83212
613,89.96996
614,38.230946
615,31.085766
616,51.37968
617,24.658236
618,108.66043
619,16.63953
620,23.48402
621,52.73878
622,23.934158
623,27.084414
624,27.15171
625,21.888086
626,16.485764
627,21.689901
628,77.73211
629,19.013536
630,12.211199
631,28.821028
632,18.544472
633,18.202393
634,20.458395
635,20.21629
636,19.80373
637,120.542145
638,28.32859
639,56.59287
640,60.146133
641,132.87868
642,72.387985
643,83.61205
644,70.15987
645,46.27783
646,73.27078
647,34.725212
648,6.8358035
649,6.8358035
650,55.574127
651,57.77464
652,30.728085
653,19.848478
654,19.796066
655,19.746124
656,39.61002
657,41.006546
658,84.14027
659,35.046463
660,35.66808
661,19.47892
662,45.618523
663,85.68116
664,66.27029
665,98.39127
666,9.654312
667,85.83568
668,55.309948
669,82.7848
670,38.536217
671,22.22347
672,84.46531
673,69.7333
674,63.065876
675,25.975327
676,90.02834
677,82.82415
678,43.953033
679,77.50291
680,52.914116
681,82.78902
682,25.984669
683,16.89376
684,115.345634
685,121.15505
686,125.09125
687,68.2624
688,64.316
689,38.42059
690,122.941635
691,29.911718
692,89.14148
693,85.367256
694,82.59809
695,89.74424
696,92.53721
697,90.78178
698,91.500145
699,89.98057
700,85.996704
701,124.65992
702,68.896385
703,24.275501
704,18.33507
705,88.03072
706,71.46305
707,71.16685
708,20.70718
709,120.271706
710,127.48625
711,117.471565
712,91.57668
713,88.47361
714,78.00617
715,53.969376
716,77.76553
717,58.410015
718,118.39469
719,118.39469
720,35.162853
721,72.619774
722,46.2237
723,47.420544
724,71.322464
725,53.317646
726,79.03896
727,118.39469
728,120.64334
729,109.25973
730,123.51389
731,113.48124
732,87.43188
733,113.48941
734,116.19781
735,87.668915
736,106.6649
737,43.96382
738,63.369766
739,68.841484
740,55.464077
741,50.09102
742,36.97795
743,79.47181
744,81.51868
745,118.945335
746,68.04262
747,57.5368
748,80.36665
749,38.73711
750,79.19499
751,52.45325
752,25.912777
753,25.147873
754,26.923784
755,61.124966
756,28.277966
757,15.345943
758,71.2405
759,47.955944
760,120.498375
761,111.802925
762,72.41381
763,72.63596
764,85.585846
765,1.6780293
766,31.789925
767,76.21083
768,24.965855
769,26.036417
770,56.570015
771,44.719406
772,37.62596
773,53.32359
774,49.417522
775,79.19499
776,71.16022
777,70.069145
778,86.17928
779,73.70638
780,45.078007
781,38.803806
782,48.95122
783,55.290195
784,73.10601
785,58.88499
786,34.794468
787,106.38702
788,102.83589
789,36.229855
790,67.476524
791,61.605904
792,22.44759
793,66.12883
794,60.26029
795,40.77881
796,64.48802
797,80.44456
798,81.787865
799,95.07888
800,98.51073
801,111.219124
802,122.897026
803,58.839027
804,65.95236
805,66.107864
806,65.73024
807,80.594765
808,41.11208
809,108.513954
810,53.844017
811,94.34795
812,111.04835
813,103.11953
814,123.183586
815,36.137123
816,80.74933
817,42.18532
818,56.792946
819,69.944824
820,78.567986
821,71.26714
822,49.01507
823,81.74967
824,68.143486
825,81.74967
826,74.37503
827,87.66175
828,78.69788
829,55.685402
830,58.151493
831,12.782457
832,53.989555
833,65.144295
834,28.685284
835,68.21583
836,60.288784
837,64.07669
838,60.416645
839,32.45018
840,81.54346
841,81.54346
842,68.772194
843,63.07907
844,86.42285
845,80.95492
846,52.129562
847,61.255722
848,73.18502
849,55.543785
850,33.54645
851,76.91332
852,60.893017
853,77.19828
854,62.460762
855,57.391834
856,87.91807
857,77.57476
858,78.29792
859,78.96363
860,65.983215
861,78.1883
862,64.92364
863,71.36207
864,35.933865
865,68.152275
866,32.733257
867,42.84832
868,43.66545
869,69.156
870,28.277966
871,78.00671
872,56.945194
873,71.971016
874,53.216515
875,79.112526
876,131.10526
877,62.26215
878,86.60044
879,80.74872
880,82.65026
881,56.15468
882,72.20142
883,67.56193
884,68.23229
885,86.931694
886,68.91328
887,56.92132
888,23.604752
889,49.312477
890,21.01545
891,52.731304
892,27.100267
893,46.90237
894,69.215096
895,75.04928
896,74.9239
897,42.18532
898,55.084576
899,30.332397
900,26.987785
901,50.818027
902,48.438572
903,52.315132
904,49.377026
905,54.423176
906,52.015263
907,40.364098
908,23.180317
909,71.79697
910,88.48858
911,56.700584
912,27.235798
913,53.09818
914,71.94649
915,73.54404
916,83.89454
917,86.13634
918,29.625067
919,75.40222
920,77.5546
921,86.64611
922,23.656256
923,62.975307
924,115.465576
925,22.547607
926,81.14031
927,77.549324
928,75.65097
929,65.14211
930,53.2954
931,75.65097
932,75.65097
933,52.248615
934,57.733208
935,62.685173
936,104.49541
937,108.07225
938,100.71459
939,109.61654
940,81.787865
941,89.89347
942,91.4072
943,81.74967
944,47.431423
945,105.84442
946,106.47647
947,89.69344
948,86.441124
949,85.3726
950,84.467415
951,72.818535
952,68.462395
953,68.9232
954,63.276703
955,50.82124
956,45.960354
957,25.486954
958,73.57125
959,21.509848
960,18.053482
961,16.991608
962,86.43036
963,88.34904
964,67.63145
965,60.0285
966,115.345634
967,120.271706
968,36.259563
969,12.940065
970,21.130583
971,21.028452
972,18.826517
973,20.52718
974,38.996647
975,21.45943
976,116.013565
977,57.63153
978,98.40716
979,94.65757
980,71.52389
981,71.99169
982,57.379604
983,67.64156
984,62.94777
985,78.260765
986,68.7252
987,73.409164
988,51.903164
989,61.596333
990,22.740604
991,55.593555
992,67.555954
993,79.19499
994,34.566036
995,71.26714
996,38.360973
997,79.82485
998,59.16357
999,31.2876
1000,31.2876
1001,73.033585
1002,9.004442
1003,25.945948
1004,24.937565
1005,50.532528
1006,58.978207
1007,81.063255
1008,74.63013
1009,20.010532
1010,80.41563
1011,123.27778
1012,24.18821
1013,29.445007
1014,37.402042
1015,66.73694
1016,68.42689
1017,88.157814
1018,85.77753
1019,56.306454
1020,97.06155
1021,81.98921
1022,76.44401
1023,60.799053
1024,65.624306
1025,20.04208
1026,34.115757
1027,34.115757
1028,40.488857
1029,47.76295
1030,79.13758
1031,89.89902
1032,57.552673
1033,93.99309
1034,64.387726
1035,52.742462
1036,20.045183
1037,76.02719
1038,86.29038
1039,88.72467
1040,75.43219
1041,79.70887
1042,147.54402
1043,81.74967
1044,52.93417
1045,80.97568
1046,87.396126
1047,94.70254
1048,127.54057
1049,127.54057
1050,10.532753
1051,33.988953
1052,36.460423
1053,35.955708
1054,28.962696
1055,36.33019
1056,31.232498
1057,34.671837
1058,33.757095
1059,70.32576
1060,65.34316
1061,40.652195
1062,53.31985
1063,70.48365
1064,42.09772
1065,40.589237
1066,44.35496
1067,44.35496
1068,71.63772
1069,71.69358
1070,68.30434
1071,37.404617
1072,58.19824
1073,80.7335
1074,33.1992
1075,51.351284
1076,30.056473
1077,122.269905
1078,51.163265
1079,72.39663
1080,74.2779
1081,43.623478
1082,73.09711
1083,53.235542
1084,39.74641
1085,42.593193
1086,59.255306
1087,74.361244
1088,77.69519
1089,109.61654
1090,89.89902
1091,74.16239
1092,74.16239
1093,109.630745
1094,89.088
1095,89.088
1096,29.757446
1097,29.103786
1098,69.59252
1099,75.17806
1100,87.4152
1101,86.95641
1102,27.50455
1103,65.99111
1104,55.42226
1105,29.488167
1106,26.450489
1107,23.303879
1108,75.36994
1109,68.24792
1110,56.451103
1111,61.06295
1112,48.57713
1113,29.757446
1114,81.43255
1115,81.45558
1116,49.01507
1117,62.64156
1118,22.670774
1119,21.495728
1120,18.733284
1121,14.832001
1122,81.74967
1123,46.35645
1124,22.35102
1125,82.82644
1126,82.82644
1127,120.271706
1128,118.161285
1129,115.318596
1130,79.57178
1131,35.16746
1132,29.57644
1133,73.66822
1134,77.62487
1135,83.61067
1136,110.4376
1137,37.679653
1138,34.591484
1139,30.631428
1140,74.30607
1141,88.07246
1142,86.32466
1143,79.47309
1144,116.34765
1145,74.865685
1146,82.057365
1147,106.68978
1148,43.97851
1149,57.79003
1150,96.42649
1151,66.91011
1152,63.96243
1153,74.96109
1154,74.367836
1155,79.85653
1156,78.856514
1157,77.64062
1158,77.16667
1159,68.34417
1160,70.82359
1161,88.56248
1162,79.160255
1163,76.313995
1164,76.13996
1165,92.066414
1166,73.26604
1167,70.265335
1168,90.33555
1169,82.3864
1170,82.3864
1171,79.19499
1172,89.82586
1173,34.48721
1174,74.03239
1175,34.31824
1176,34.30721
1177,40.270126
1178,71.13758
1179,63.14078
1180,53.19658
1181,97.04615
1182,79.19499
1183,87.71402
1184,80.122536
1185,90.21232
1186,25.084112
1187,23.037819
1188,21.706562
1189,58.64819
1190,89.088
1191,119.48087
1192,119.48087
1193,80.61649
1194,86.17928
1195,115.345634
1196,69.48222
1197,79.99816
1198,79.87231
1199,81.30184
1200,82.62588
1201,85.516884
1202,78.02056
1203,69.57928
1204,49.874104
1205,87.04277
1206,52.150646
1207,29.921303
1208,29.800344
1209,19.456238
1210,17.264275
1211,17.159117
1212,33.84075
1213,36.56118
1214,100.06416
1215,87.68314
1216,78.32017
1217,80.50323
1218,64.928795
1219,69.59948
1220,25.477205
1221,25.375954
1222,22.91519
1223,27.862757
1224,29.882492
1225,63.828987
1226,19.213861
1227,24.958925
1228,62.685173
1229,68.822266
1230,17.654205
1231,50.750317
1232,42.25581
1233,16.689909
1234,18.627697
1235,22.342575
1236,92.64611
1237,24.56711
1238,23.715206
1239,19.718262
1240,15.659771
1241,14.528482
1242,51.544888
1243,52.21392
1244,102.78495
1245,84.80488
1246,87.43188
1247,13.312431
1248,12.726561
1249,19.415714
1250,72.087685
1251,79.22632
1252,73.372
1253,25.892033
1254,34.347282
1255,38.69742
1256,29.911718
1257,19.103233
1258,78.44321
1259,81.53763
1260,79.34222
1261,77.37194
1262,38.69742
1263,85.157745
1264,36.448517
1265,42.312153
1266,36.77876
1267,19.83893
1268,33.832977
1269,74.71821
1270,84.49441
1271,43.30765
1272,47.241093
1273,16.63953
1274,27.247025
1275,79.69551
1276,60.848118
1277,93.8992
1278,87.04277
1279,81.94518
1280,55.29873
1281,80.41563
1282,86.4113
1283,93.80704
1284,39.61002
1285,81.046196
1286,81.210144
1287,75.502464
1288,51.067654
1289,89.74332
1290,63.191525
1291,33.05713
1292,85.104805
1293,109.94724
1294,73.033585
1295,72.05288
1296,73.033585
1297,1.3197203
1298,77.62925
1299,81.298256
1300,54.48646
1301,70.044235
1302,71.878944
1303,52.029972
1304,70.50771
1305,51.298225
1306,39.61758
1307,57.697754
1308,69.78765
1309,46.51116
1310,35.838226
1311,76.611916
1312,42.38019
1313,33.856895
1314,44.12739
1315,27.142637
1316,38.38016
1317,6.7938437
1318,97.278755
1319,77.385475
1320,74.41959
1321,34.90325
1322,81.787865
1323,72.28187
1324,28.156116
1325,29.720308
1326,51.40187
1327,30.21242
1328,57.386696
1329,67.7691
1330,84.38441
1331,83.82759
1332,83.61557
1333,47.890892
1334,46.105137
1335,76.61527
1336,79.0726
1337,46.6081
1338,87.43188
1339,87.43188
1340,87.43188
1341,87.43188
1342,33.56729
1343,26.280718
1344,17.507154
1345,68.82706
1346,56.908165
1347,60.760876
1348,79.53055
1349,74.98066
1350,38.977074
1351,82.174576
1352,77.59956
1353,76.13996
1354,76.36739
1355,62.898796
1356,53.46722
1357,125.62894
1358,73.957054
1359,89.19535
1360,36.470222
1361,36.64925
1362,115.345634
1363,86.17928
1364,57.787273
1365,19.746124
1366,19.47892
1367,11.75305
1368,13.624445
1369,35.181057
1370,71.26714
1371,82.989235
1372,36.979782
1373,75.351585
1374,33.119236
1375,48.87028
1376,36.93036
1377,37.001423
1378,78.1883
1379,16.22077
1380,86.95571
1381,128.94008
1382,79.19499
1383,55.12372
1384,85.11964
1385,79.7528
1386,82.825066
1387,87.43188
1388,78.83202
1389,87.43188
1390,42.18532
1391,80.24849
1392,80.63393
1393,20.133842
1394,71.19946
1395,70.25343
1396,40.75061
1397,25.240526
1398,19.161095
1399,4.2817287
1400,85.92791
1401,34.345272
1402,30.374317
1403,23.180317
1404,36.370792
1405,73.033585
1406,67.89593
1407,59.75051
1408,45.475437
1409,78.59748
1410,70.87788
1411,20.121178
1412,27.228931
1413,23.579884
1414,25.484753
1415,86.931694
1416,78.48328
1417,86.53398
1418,89.82586
1419,118.78078
1420,58.629818
1421,24.8942
1422,69.59252
1423,76.29219
1424,53.630478
1425,86.30485
1426,85.07111
1427,61.699932
1428,39.938435
1429,70.172676
1430,83.82721
1431,70.41446
1432,81.16483
1433,89.26153
1434,77.835915
1435,29.071133
1436,36.906963
1437,74.9789
1438,66.42794
1439,41.644688
1440,24.308521
1441,64.95085
1442,61.5322
1443,81.280846
1444,76.38267
1445,51.37743
1446,47.31834
1447,1.2811897
1448,1.466738
1449,1.4561352
1450,22.892962
1451,23.256847
1452,19.766787
1453,15.442341
1454,15.442341
1455,85.92791
1456,51.490475
1457,34.340378
1458,36.798706
1459,40.270126
1460,31.904951
1461,30.715889
1462,34.312542
1463,77.70891
1464,46.63425
1465,59.348488
1466,95.32885
1467,116.36196
1468,78.400116
1469,56.97145
1470,58.19661
1471,48.33534
1472,55.779995
1473,20.938236
1474,55.186047
1475,41.64552
1476,39.251926
1477,44.92401
1478,11.177719
1479,18.424026
1480,18.681456
1481,12.582802
1482,85.8153
1483,80.09249
1484,79.168945
1485,70.28127
1486,67.52453
1487,61.5322
1488,79.56283
1489,60.161495
1490,45.719822
1491,68.78719
1492,62.06944
1493,56.350044
1494,50.84521
1495,67.0823
1496,43.942886
1497,73.63198
1498,24.23352
1499,88.06188
1500,83.00698
1501,66.10798
1502,58.67732
1503,52.908672
1504,56.891247
1505,59.21184
1506,32.651726
1507,19.887274
1508,23.96648
1509,74.556244
1510,76.09024
1511,127.54057
1512,9.567219
1513,80.51852
1514,55.29873
1515,58.346836
1516,37.33566
1517,76.62014
1518,63.063496
1519,91.63674
1520,96.94598
1521,60.82361
1522,31.716978
1523,77.3087
1524,87.824425
1525,68.83035
1526,78.4475
1527,78.2026
1528,72.71564
1529,90.3525
1530,76.89219
1531,21.963152
1532,21.55617
1533,19.546188
1534,22.845596
1535,22.438698
1536,22.062763
1537,81.07595
1538,67.53587
1539,22.03859
1540,33.05713
1541,77.5546
1542,19.760424
1543,17.971193
1544,16.990917
1545,18.46562
1546,114.61344
1547,114.28598
1548,113.65151
1549,113.59297
1550,120.11626
1551,120.12553
1552,119.99411
1553,79.03896
1554,79.380394
1555,80.67095
1556,81.10394
1557,81.72988
1558,82.3864
1559,86.54046
1560,85.42431
1561,46.56931
1562,30.873857
1563,33.984005
1564,22.993069
1565,26.964153
1566,27.133656
1567,45.820133
1568,55.29873
1569,117.82326
1570,39.61002
1571,26.808792
1572,28.821028
1573,19.47892
1574,55.268845
1575,43.661263
1576,64.990776
1577,60.875404
1578,39.658802
1579,46.684097
1580,53.756176
1581,56.672207
1582,52.52234
1583,87.43188
1584,87.43188
1585,26.693127
1586,20.838139
1587,20.29578
1588,55.29873
1589,99.27613
1590,98.616615
1591,19.66502
1592,80.561104
1593,88.44097
1594,85.676254
1595,85.17208
1596,81.04743
1597,67.349304
1598,79.79953
1599,29.911718
1600,29.911718
1601,19.746296
1602,20.55722
1603,20.53772
1604,78.2026
1605,74.62136
1606,86.76634
1607,25.99845
1608,77.976776
1609,77.06366
1610,77.28698
1611,78.51168
1612,78.81423
1613,81.256615
1614,77.35977
1615,30.181469
1616,29.685
1617,27.862757
1618,74.31109
1619,35.457005
1620,29.819698
1621,79.62504
1622,22.892962
1623,20.091873
1624,80.824974
1625,98.044785
1626,80.28925
1627,81.74967
1628,69.08901
1629,86.78173
1630,18.747997
1631,36.30842
1632,70.897095
1633,80.30864
1634,78.35144
1635,19.66502
1636,19.424665
1637,23.179668
1638,20.8271
1639,20.340885
1640,22.806505
1641,19.80373
1642,15.815079
1643,18.75201
1644,23.518534
1645,23.317648
1646,54.366093
1647,59.626728
1648,61.420853
1649,93.95304
1650,28.49003
1651,22.938972
1652,66.92388
1653,85.70992
1654,85.70992
1655,85.70992
1656,38.76637
1657,47.30573
1658,76.169106
1659,74.55106
1660,81.787865
1661,68.779945
1662,87.53338
1663,81.74967
1664,60.220375
1665,48.723278
1666,38.092144
1667,90.509926
1668,111.39752
1669,125.808586
1670,135.76164
1671,74.88152
1672,28.005157
1673,111.44074
1674,94.652275
1675,103.312386
1676,112.48492
1677,116.33168
1678,80.99036
1679,69.4135
1680,56.38156
1681,60.672565
1682,43.88599
1683,63.57691
1684,130.24007
1685,137.88338
1686,65.14211
1687,75.80461
1688,56.960262
1689,65.06751
1690,66.53579
1691,56.99939
1692,18.997168
1693,116.02229
1694,81.084785
1695,87.108635
1696,36.467167
1697,24.838085
1698,18.731255
1699,34.591484
1700,56.486786
1701,80.92814
1702,65.80134
1703,120.10556
1704,112.29871
1705,120.271706
1706,18.195457
1707,61.70891
1708,51.368206
1709,28.041864
1710,56.486786
1711,19.098248
1712,30.129576
1713,27.862757
1714,17.976654
1715,17.201683
1716,19.073399
1717,25.055536
1718,24.808676
1719,18.180244
1720,78.05103
1721,78.50557
1722,28.702227
1723,21.584332
1724,27.415504
1725,65.144295
1726,23.04038
1727,18.822367
1728,20.750557
1729,13.933857
1730,20.41014
1731,21.01469
1732,82.15915
1733,73.99099
1734,80.718025
1735,5.4718456
1736,19.223522
1737,85.17208
1738,27.271606
1739,22.829842
1740,80.95886
1741,59.254784
1742,15.149744
1743,81.52464
1744,15.805002
1745,18.40801
1746,26.338654
1747,34.995075
1748,49.17035
1749,57.245747
1750,82.70109
1751,83.58817
1752,87.0838
1753,10.97197
1754,10.941332
1755,9.321081
1756,9.908901
1757,10.941332
1758,10.352764
1759,78.400116
1760,82.54224
1761,88.5705
1762,91.77238
1763,89.52702
1764,15.097694
1765,74.4628
1766,85.00901
1767,59.863308
1768,81.74967
1769,2.1479256
1770,88.66211
1771,84.698746
1772,80.34878
1773,75.3586
1774,35.66808
1775,35.66808
1776,24.37444
1777,16.474733
1778,29.62247
1779,30.506851
1780,31.024132
1781,76.09439
1782,77.51473
1783,69.24876
1784,69.95023
1785,20.04208
1786,29.324898
1787,28.976627
1788,104.5527
1789,14.743807
1790,112.05532
1791,109.69156
1792,75.33533
1793,96.81591
1794,53.703075
1795,69.88235
1796,79.41982
1797,77.86635
1798,74.29696
1799,71.240715
1800,18.304401
1801,9.97876
1802,9.518322
1803,9.277565
1804,8.809748
1805,4.167019
1806,3.3092568
1807,22.634577
1808,23.227425
1809,80.284035
1810,46.6081
1811,20.949638
1812,18.168028
1813,17.85878
1814,90.06084
1815,85.36583
1816,12.823643
1817,19.112951
1818,8.541325
1819,7.322636
1820,57.077736
1821,30.76953
1822,58.318768
1823,80.310936
1824,27.505339
1825,26.720554
1826,26.112846
1827,84.12742
1828,78.018135
1829,75.97741
1830,66.5472
1831,36.82225
1832,26.809685
1833,41.431255
1834,9.690796
1835,9.842337
1836,39.71693
1837,39.522305
1838,35.346977
1839,43.620785
1840,51.133892
1841,67.35271
1842,69.55682
1843,1.3197203
1844,1.364429
1845,64.71983
1846,59.547783
1847,58.89564
1848,80.41563
1849,29.539406
1850,26.808792
1851,28.685284
1852,26.693127
1853,33.05713
1854,38.69742
1855,61.45351
1856,67.597694
1857,81.849266
1858,40.386623
1859,30.175573
1860,17.36863
1861,85.68499
1862,85.68499
1863,29.975685
1864,110.78333
1865,109.56481
1866,109.00576
1867,29.911718
1868,30.839382
1869,30.503132
1870,29.925137
1871,24.821754
1872,20.16664
1873,29.324898
1874,78.057976
1875,78.510086
1876,22.179665
1877,32.53094
1878,88.990166
1879,92.229225
1880,33.690533
1881,94.602554
1882,94.98603
1883,91.62025
1884,46.78541
1885,76.56183
1886,74.7069
1887,82.420135
1888,78.4475
1889,9.170719
1890,36.21594
1891,16.488289
1892,39.81693
1893,28.53299
1894,15.510412
1895,71.57166
1896,59.02741
1897,23.54477
1898,12.9129715
1899,29.018406
1900,33.4126
1901,120.39031
1902,79.19499
1903,79.19499
1904,93.58231
1905,75.72158
1906,75.57889
1907,75.328
1908,69.55938
1909,19.848478
1910,19.652414
1911,30.717964
1912,3.50286
1913,62.535385
1914,33.70636
1915,36.21594
1916,33.05713
1917,28.341318
1918,26.97306
1919,36.5378
1920,31.961124
1921,31.186054
1922,28.61879
1923,3.4335382
1924,3.4599133
1925,17.82579
1926,18.806532
1927,19.131718
1928,31.995007
1929,37.269077
1930,56.055065
1931,25.135515
1932,3.6732588
1933,3.4399557
1934,3.4335382
1935,43.078617
1936,40.72835
1937,37.252567
1938,38.220623
1939,16.63953
1940,70.73783
1941,19.934885
1942,19.832483
1943,19.736418
1944,19.746124
1945,20.95337
1946,20.382587
1947,21.246231
1948,21.246231
1949,19.614708
1950,37.539486
1951,17.65863
1952,11.177719
1953,26.271921
1954,3.8570175
1955,3.8735015
1956,88.24058
1957,11.177719
1958,4.5318375
1959,20.666523
1960,20.136929
1961,2.9905896
1962,7.9574327
1963,9.004442
1964,11.910006
1965,11.910006
1966,12.072916
1967,11.910006
1968,31.190784
1969,122.797356
1970,109.38183
1971,74.76333
1972,56.713795
1973,30.873047
1974,29.84489
1975,41.560146
1976,42.9984
1977,46.252407
1978,47.56006
1979,33.29941
1980,33.663136
1981,91.40104
1982,89.782166
1983,86.22293
1984,47.460964
1985,78.04438
1986,72.96541
1987,81.58628
1988,40.018936
1989,103.57554
1990,5.9128966
1991,53.791096
1992,52.07632
1993,23.34149
1994,25.62369
1995,96.44897
1996,5.1963534
1997,5.1963534
1998,3.64458
1999,3.64458
2000,4.452307
2001,5.1963534
2002,6.3010116
2003,1.9903361
2004,8.541489
2005,4.425172
2006,9.619108
2007,28.685284
2008,27.067873
2009,26.32265
2010,35.181095
2011,1.5579271
2012,35.181095
2013,1.1085627
2014,5.092618
2015,11.177719
2016,0.941659
2017,5.1567664
2018,0.8790237
2019,98.65417
2020,86.61326
2021,103.010704
2022,78.322716
2023,4.769091
2024,35.181095
2025,0.6173867
2026,107.705345
2027,101.71302
2028,36.833366
2029,29.491861
2030,7.58443
2031,34.563858
2032,3.703431
2033,3.6085446
2034,3.43242
2035,63.684574
2036,78.04438
2037,48.55615
2038,81.58628
2039,86.18728
2040,47.460964
2041,4.0419974
2042,7.5118575
2043,51.637314
2044,53.94792
2045,43.949615
2046,55.543785
2047,3.6357956
2048,1.4133604
2049,1.4240053
2050,1.5377667
2051,0.8790237
2052,4.173201
2053,5.408131
2054,2.5658844
2055,10.4203205
2056,15.815371
2057,2.5084734
2058,3.5121598
2059,7.502442
2060,5.07785
2061,6.7296925
2062,6.867932
2063,6.8536673
2064,6.835797
2065,34.36394
2066,90.563
2067,90.10825
2068,88.15084
2069,93.00465
2070,3.1733718
2071,2.6220818
2072,43.87325
2073,29.659714
2074,35.43648
2075,31.950466
2076,45.10459
2077,43.891933
2078,56.58064
2079,94.656494
2080,94.83933
2081,114.18641
2082,118.09014
2083,12.606558
2084,68.01728
2085,63.71887
2086,72.33027
2087,22.37431
2088,20.44389
2089,1.0981065
2090,7.9971557
2091,9.143723
2092,8.669876
2093,9.285635
2094,9.010582
2095,11.408571
2096,9.908581
2097,10.947863
2098,9.970909
2099,1.4347564
2100,1.2811897
2101,1.1294429
2102,6.559773
2103,4.3486
2104,34.312717
2105,31.77607
2106,31.141441
2107,7.706866
2108,9.387892
2109,35.181095
2110,38.589554
2111,29.833298
2112,8.9548645
2113,8.03849
2114,101.80692
2115,91.46041
2116,94.44178
2117,87.43188
2118,1.4414406
2119,9.573292
2120,6.5462556
2121,0.58915573
2122,2.8156934
2123,1.1235703
2124,2.0756629
2125,3.4310002
2126,1.8418071
2127,0.85945964
2128,4.6246543
2129,1.2438754
2130,15.490051
2131,15.490532
2132,9.785625
2133,2.0756629
2134,35.83357
2135,4.6246543
2136,5.822805
2137,5.889196
2138,5.475377
2139,3.5787582
2140,29.836374
2141,16.379044
2142,2.587314
2143,2.7911196
2144,1.5621635
2145,1.826468
2146,4.5874166
2147,20.182978
2148,4.3649855
2149,3.108007
2150,28.353762
2151,30.090054
2152,31.439577
2153,24.478859
2154,21.818295
2155,25.532938
2156,17.49118
2157,98.19022
2158,56.35036
2159,8.623958
2160,19.746124
2161,11.177719
2162,128.77937
2163,1.4133604
2164,1.9268293
2165,10.197977
2166,2.1736262
2167,2.2357068
2168,3.2807975
2169,5.375277
2170,3.3493009
2171,3.3031218
2172,4.0722027
2173,2.8151426
2174,4.754544
2175,5.196234
2176,3.0570688
2177,5.1043906
2178,4.8463597
2179,4.5776634
2180,3.9266152
2181,6.7573066
2182,2.6604075
2183,4.5482063
2184,25.309433
2185,15.395466
2186,1.5755107
2187,4.5207996
2188,4.83511
2189,4.038515
2190,4.363954
2191,2.8842623
2192,3.0210497
2193,4.839597
2194,1.5996072
2195,1.9270512
2196,2.2593708
2197,3.975753
2198,3.2975311
2199,3.4419732
2200,2.4435055
2201,1.8072226
2202,3.2975311
2203,4.1329923
2204,5.5163827
2205,2.0119407
2206,7.58443
2207,1.8697702
2208,2.6864543
2209,1.4284196
2210,2.2130167
2211,35.181095
2212,34.77921
2213,4.374302
2214,4.411824
2215,9.7285
2216,5.1963534
2217,4.7852
2218,8.728086
2219,34.77921
2220,3.6410239
2221,3.5849943
2222,1.6395389
2223,15.447531
2224,3.4059677
2225,3.396215
2226,3.4049823
2227,9.7859745
2228,7.491781
2229,4.212427
2230,5.115321
2231,7.2233253
2232,1.6850464
2233,1.9381971
2234,1.6389256
2235,35.900333
2236,31.751165
2237,35.181095
2238,38.768177
2239,31.785503
2240,35.181095
2241,6.3310986
2242,5.7463593
2243,1.8326013
2244,1.7095331
2245,5.4639306
2246,5.3028493
2247,3.2137222
2248,3.0704756
2249,6.9785
2250,3.7283974
2251,1.9268293
2252,9.143723
2253,4.237958
2254,7.963564
2255,8.071359
2256,0.6872144
2257,1.0684109
2258,0.6872144
2259,1.9289461
2260,1.1211975
2261,1.6217061
2262,1.1186826
2263,1.5586157
2264,3.8963623
2265,16.904655
2266,17.815033
2267,3.983811
2268,10.201443
2269,1.2753015
2270,13.328846
2271,3.6086369
2272,5.443028
2273,14.754074
2274,6.9323535
2275,10.108118
2276,1.8884022
2277,3.0979767
2278,2.0053926
2279,5.0930247
2280,3.0390713
2281,6.039269
2282,18.726269
2283,0.8777735
2284,0.8777735
2285,0.2167759
2286,5.488631
2287,2.5025454
2288,1.7684479
2289,11.016666
2290,5.8773894
2291,1.5950801
2292,2.1110125
2293,3.2662134
2294,3.4232547
2295,4.2979693
2296,1.9085481
2297,6.602158
2298,6.437943
2299,4.7849526
2300,2.8826704
2301,9.509886
2302,6.613753
2303,4.5103827
2304,6.270273
2305,1.932641
2306,6.7432084
2307,4.161675
2308,3.079235
2309,12.012939
2310,2.1444907
2311,4.6160135
2312,1.4124659
2313,5.3176384
2314,3.2272835
2315,3.5481
2316,4.5902653
2317,2.5205743
2318,2.5205743
2319,9.243031
2320,10.119381
2321,4.9619575
2322,5.5493283
2323,9.0049515
2324,3.3399582
2325,3.361899
2326,3.733712
2327,1.8199767
2328,7.7709665
2329,9.781843
2330,4.320742
2331,21.650837
2332,7.6337085
2333,5.2485356
2334,3.9920726
2335,2.2357068
2336,1.4702455
2337,2.1847398
2338,3.2456152
2339,1.8118016
2340,1.6013747
2341,1.319382
2342,-0.33387065
2343,5.0499997
2344,1.2391973
2345,10.2451
2346,2.1912332
2347,4.18178
2348,0.5399928
2349,0.8959006
2350,-0.6801045
2351,2.6265616
2352,2.4982886
2353,5.4630384
2354,3.6363037
2355,5.192799
2356,4.8163724
2357,1.7585363
2358,7.667528
2359,0.8041537
2360,4.0296826
2361,1.8413901
2362,0.6616924
2363,4.9004197
2364,4.4408693
2365,6.5878296
2366,6.9919167
2367,4.533431
2368,11.873806
2369,11.862423
2370,2.5487657
2371,9.579401
2372,15.619671
2373,1.8872095
2374,1.9928565
2375,1.9828446
2376,117.99118
2377,5.238772
2378,7.1723742
2379,8.144969
2380,9.21664
2381,3.6046805
2382,1.3244686
2383,6.456568
2384,9.142691
2385,5.24947
2386,4.222372
2387,10.266172
2388,9.623577
2389,3.0763855
2390,7.7103276
2391,2.7573397
2392,6.7552376
2393,5.170566
2394,4.466048
2395,6.797321
2396,1.9381971
2397,4.1805253
2398,2.3884377
2399,6.6282125
2400,2.0772018
2401,5.807323
2402,4.717816
2403,6.3175817
2404,1.3587055
2405,4.3919735
2406,2.268936
2407,1.3042264
2408,1.224222
2409,2.247419
2410,3.94868
2411,2.5376344
2412,4.777642
2413,4.6620717
2414,3.4304118
2415,14.644482
2416,2.8959885
2417,2.5798569
2418,2.3275461
2419,5.1137853
2420,3.4723978
2421,1.8801725
2422,1.114182
2423,1.6355829
2424,2.2253993
2425,2.702786
2426,6.8108497
2427,13.523453
2428,12.464056
2429,4.9588275
2430,8.136921
2431,8.145325
2432,8.00169
2433,6.375299
2434,3.0102592
2435,13.289366
2436,7.277635
2437,8.604412
2438,8.742052
2439,4.6727414
2440,8.244482
2441,2.9212193
2442,11.150652
2443,11.9532585
2444,13.559498
2445,2.6742759
2446,3.1487088
2447,3.6214168
2448,15.464529
2449,14.088928
2450,15.464529
2451,8.570892
2452,8.884304
2453,9.102041
2454,3.0023336
2455,5.118339
2456,0.9733193
2457,1.2084188
2458,4.3887634
2459,8.487862
2460,7.0339723
2461,17.180735
2462,17.389854
2463,15.810701
2464,16.728907
2465,7.4811096
2466,14.946129
2467,14.016571
2468,15.214731
2469,12.830442
2470,5.0478024
2471,6.2806983
2472,8.059216
2473,7.707751
2474,7.325462
2475,12.237562
2476,13.561556
2477,9.22242
2478,12.078119
2479,10.8979225
2480,7.767489
2481,8.759832
2482,10.53553
2483,6.9172516
2484,7.483389
2485,9.388741
2486,11.646271
2487,3.8097138
2488,8.639025
2489,3.7130008
2490,5.932895
2491,4.0227823
2492,4.2062244
2493,3.8857627
2494,4.7586527
2495,2.4779506
2496,5.8513036
2497,7.629683
2498,6.8059397
2499,6.9193807
2500,7.0684724
2501,2.5738244
2502,2.612156
2503,6.0791974
2504,1.6749685
2505,4.1776314
2506,3.0542493
2507,2.4347117
2508,1.6777091
2509,2.8132768
2510,3.2078738
2511,2.216907
2512,3.4714444
2513,4.201018
2514,6.5351567
2515,4.407755
2516,1.8762116
2517,5.271206
2518,2.8224912
2519,3.5882711
2520,2.6189997
2521,0.9490547
2522,1.2785585
2523,7.225883
2524,8.327043
2525,8.967669
2526,4.3575525
2527,2.393024
2528,2.5029101
2529,3.2209394
2530,5.6605363
2531,5.9998536
2532,4.308729
2533,4.0080113
2534,19.826391
2535,15.144354
2536,7.0017476
2537,6.082
2538,8.953913
2539,8.541489
2540,4.471217
2541,7.651953
2542,11.123306
2543,8.705828
2544,6.3702626
2545,8.385322
2546,9.010582
2547,7.671371
2548,7.328643
2549,17.389854
2550,19.826391
2551,2.6199083
2552,5.1963534
2553,5.1963534
2554,6.887325
2555,6.1365924
2556,4.17789
2557,7.6337085
2558,1.834561
2559,11.404961
2560,6.009527
2561,0.8299496
2562,0.6872144
2563,5.3661237
2564,4.4363937
2565,2.5371454
2566,7.9275393
2567,3.4144413
2568,4.6246543
2569,3.426962
2570,2.415185
2571,3.3958578
2572,6.318486
2573,0.7495556
2574,6.755055
2575,3.7810512
2576,3.2006316
2577,2.0494833
2578,1.2260368
2579,4.761992
2580,6.419749
2581,2.9431627
2582,8.434603
2583,16.420368
2584,11.553442
2585,11.789864
2586,3.8977804
2587,11.842453
2588,12.063845
2589,13.316492
2590,7.6705575
2591,8.390741
2592,14.047226
2593,10.153606
2594,8.664421
2595,9.679087
2596,3.1957889
2597,10.194593
2598,13.958694
2599,18.422825
2600,4.6848936
2601,7.2846956
2602,5.5822062
2603,11.048815
2604,9.460165
2605,17.501144
2606,8.261644
2607,4.513143
2608,17.128023
2609,16.414398
2610,15.383097
2611,11.793001
2612,4.5897684
2613,3.5315828
2614,3.4109907
2615,3.0058422
2616,2.9755898
2617,2.778441
2618,8.864044
2619,7.930606
2620,14.738632
2621,15.165501
2622,8.88508
2623,9.269266
2624,3.4733062
2625,18.15936
2626,8.44419
2627,9.024849
2628,6.7778916
2629,4.137345
2630,1.6725457
2631,8.1910515
2632,3.0498776
2633,5.4271073
2634,6.3852153
2635,6.0180955
2636,5.7623653
2637,8.244421
2638,9.114946
2639,10.734007
2640,18.749311
2641,9.289097
2642,9.964521
2643,7.2075276
2644,3.4350767
2645,3.868372
2646,2.259017
2647,2.3333077
2648,4.4102345
2649,0.7751554
2650,1.0653673
2651,3.4884396
2652,3.5878537
2653,6.101402
2654,4.1769266
2655,5.155824
2656,1.0242223
2657,1.1986248
2658,4.671047
2659,3.4314811
2660,2.1151984
2661,2.2934804
2662,2.046796
2663,8.747402
2664,6.120922
2665,3.0112925
2666,8.318003
2667,3.0023336
2668,17.389854
2669,7.671371
2670,7.328643
2671,8.744265
2672,3.7130008
2673,3.4915524
2674,6.1181417
2675,3.1074395
2676,4.064331
2677,7.0051827
2678,4.3557916
2679,3.6401644
2680,8.671572
2681,2.8054643
2682,9.544319
2683,7.763774
2684,6.9202514
2685,9.964521
2686,9.696327
2687,10.734007
2688,12.821548
2689,18.792774
2690,11.549519
2691,3.3006825
2692,11.958574
2693,9.983923
2694,6.889261
2695,10.82798
2696,6.261594
2697,5.908367
2698,9.751747
2699,7.7101555
2700,13.734577
2701,7.371574
2702,24.421364
2703,9.737522
2704,10.399435
2705,11.813206
2706,14.126099
2707,10.463469
2708,16.942953
2709,6.1269975
2710,4.0419974
2711,8.518316
2712,8.918362
2713,3.2811284
2714,11.883341
2715,2.9988496
2716,6.7191057
2717,14.811161
2718,6.392467
2719,5.909513
2720,5.1492453
2721,5.540637
2722,10.232012
2723,11.21431
2724,6.980739
2725,10.500666
2726,6.4225736
2727,24.421364
2728,12.228191
2729,10.344948
2730,17.68033
2731,14.364382
2732,8.317053
2733,11.19183
2734,26.359154
2735,26.304705
2736,4.304966
2737,6.567316
2738,11.982935
2739,10.587566
2740,6.2364774
2741,7.9337335
2742,5.9939504
2743,5.7405086
2744,5.6717505
2745,2.339037
2746,5.452378
2747,12.425755
2748,6.3028107
2749,7.5738087
2750,1.0997076
2751,1.2139822
2752,1.2454991
2753,4.3178673
2754,7.7101555
2755,3.170319
2756,3.1925564
2757,7.663022
2758,10.447851
2759,15.703037
2760,15.395466
2761,11.125608
2762,15.703037
2763,10.924477
2764,19.36231
2765,16.745884
2766,19.051893
2767,15.034811
2768,15.840046
2769,15.842869
2770,15.528721
2771,15.584373
2772,13.843264
2773,14.28933
2774,16.951426
2775,12.046453
2776,13.458244
2777,16.293715
2778,19.252626
2779,18.11016
2780,18.680614
2781,18.443886
2782,18.69661
2783,17.10278
2784,2.8476896
2785,3.537671
2786,2.2975109
2787,2.326626
2788,2.366633
2789,2.359189
2790,1.7061944
2791,16.800404
2792,17.457827
2793,10.826876
2794,17.906956
2795,16.74618
2796,19.320713
2797,7.762804
2798,7.762804
2799,10.5992985
2800,11.016666
2801,9.477686
2802,15.395466
2803,13.690559
2804,14.182005
2805,9.234377
2806,8.276417
2807,15.219055
2808,15.104095
2809,14.446922
2810,8.871738
2811,5.677484
2812,10.879606
2813,15.703037
2814,17.883835
2815,6.2304845
2816,12.449167
2817,9.608467
2818,4.7446136
2819,29.333971
2820,35.181095
2821,35.181095
2822,1.0981065
2823,14.811161
2824,17.68033
2825,15.944077
2826,10.232012
2827,6.9496293
2828,1.8199341
2829,26.901485
2830,3.2442374
2831,7.328643
2832,7.9849358
2833,1.1246201
2834,0.6872144
2835,5.585976
2836,24.25198
2837,7.5385566
2838,1.0981065
2839,5.8780665
2840,2.1860569
2841,7.4714427
2842,7.3112044
2843,5.2885666
2844,2.0928025
2845,35.181095
2846,36.86192
2847,35.181095
2848,36.15366
2849,31.323887
2850,35.181095
2851,5.2184653
2852,24.481743
2853,6.5175967
2854,21.373184
2855,21.373184
2856,21.373184
2857,7.8213987
2858,35.181095
2859,33.47882
2860,14.811161
2861,11.775484
2862,26.359154
2863,22.631973
2864,1.5145767
2865,24.162558
2866,8.997383
2867,6.3364987
2868,6.924381
2869,1.5568005
2870,1.5568005
2871,5.3879375
2872,4.90241
2873,2.2855866
2874,0.6872144
2875,2.710754
2876,5.2938514
2877,3.9045162
2878,6.4919515
2879,6.2821407
2880,6.3592668
2881,30.446966
2882,6.427771
2883,39.26919
2884,35.181095
2885,36.641872
2886,35.103664
2887,26.94026
2888,12.451588
2889,7.751846
2890,29.207636
2891,12.942673
2892,12.446709
2893,38.57898
2894,33.969166
2895,41.36362
2896,7.0044174
2897,6.159988
2898,33.585106
2899,29.21735
2900,8.455254
2901,5.4414287
2902,4.251113
2903,5.687934
2904,7.743732
2905,11.505516
2906,4.762342
2907,5.849631
2908,3.0805109
2909,8.479569
2910,10.827663
2911,16.33687
2912,2.8577876
2913,9.931295
2914,4.142294
2915,7.08392
2916,1.6522536
2917,1.4951878
2918,4.251113
2919,-0.1542843
2920,1.6102066
2921,2.5795074
2922,2.5783272
2923,2.5339136
2924,3.5631657
2925,3.3173692
2926,6.352254
2927,2.4250321
2928,1.314548
2929,11.0617695
2930,3.110536
2931,4.503867
2932,2.7731338
2933,4.8849607
2934,8.455254
2935,0.9836962
2936,1.8794565
2937,9.143723
2938,9.944326
2939,10.890982
2940,11.0431
2941,8.1569605
2942,6.48098
2943,5.9746704
2944,4.852432
2945,5.1502776
2946,1.8753111
2947,35.181095
2948,4.425172
2949,10.827663
2950,0.85204816
2951,2.0516844
2952,2.138344
2953,8.604412
2954,1.6935542
2955,1.4410752
2956,11.596533
2957,2.5823479
2958,2.2671645
2959,1.9474516
2960,3.4828444
2961,8.485144
2962,5.806783
2963,5.9284434
2964,9.462208
2965,5.2278695
2966,7.480961
2967,7.350783
2968,6.392467
2969,6.1917157
2970,11.19183
2971,1.539556
2972,1.4895673
2973,1.8199341
2974,1.3981409
2975,19.167229
2976,21.47276
2977,19.066673
2978,41.04403
2979,21.59419
2980,5.987276
2981,29.333971
2982,35.181095
2983,30.944069
2984,14.008308
2985,1.9196523
2986,34.576904
2987,33.686962
2988,34.878086
2989,30.430906
2990,27.160717
2991,38.278316
2992,0.3146826
2993,0.2896428
2994,0.2810954
2995,29.130444
2996,13.817438
2997,3.980761
2998,4.9503922
2999,1.5371926
3000,3.6696966
3001,16.028156
3002,14.811161
3003,12.467445
3004,7.548816
3005,29.665476
3006,6.559773
3007,3.2941077
3008,7.8764668
3009,1.5305604
3010,1.7020147
3011,7.4355426
3012,7.537838
3013,3.8735802
3014,7.5738087
3015,2.7552567
3016,7.706866
3017,4.8226395
3018,5.551252
3019,3.7935545
3020,23.997284
3021,11.792828
3022,14.3906
3023,11.553888
3024,1.7061944
3025,35.900333
3026,16.595121
3027,17.15435
3028,18.271395
3029,13.175533
3030,4.166301
3031,-0.010240614
3032,2.5490134
3033,3.235468
3034,1.4423832
3035,1.438821
3036,7.902693
3037,5.0302086
3038,4.6456366
3039,10.519354
3040,11.163372
3041,11.369741
3042,10.035046
3043,11.37285
3044,13.189543
3045,11.544067
3046,11.130972
3047,8.382328
3048,9.53083
3049,5.1614575
3050,1.8145418
3051,5.411448
3052,2.208395
3053,1.5847579
3054,18.407871
3055,18.373459
3056,17.398563
3057,15.561008
3058,17.969307
3059,16.414398
3060,15.399593
3061,16.92725
3062,14.817408
3063,16.93937
3064,7.4433584
3065,8.057246
3066,3.4933715
3067,8.201357
3068,7.602285
3069,7.326714
3070,10.567539
3071,9.670151
3072,1.3333186
3073,1.3260264
3074,3.4172392
3075,4.549438
3076,4.1020293
3077,3.351353
3078,12.085892
3079,12.093412
3080,5.256801
3081,8.432119
3082,5.2454095
3083,5.242801
3084,9.216858
3085,9.001598
3086,7.940045
3087,6.3702626
3088,5.3851953
3089,6.060506
3090,5.9454026
3091,2.7354794
3092,7.940045
3093,0.3806193
3094,2.123939
3095,2.8805711
3096,6.7956023
3097,4.758672
3098,1.9750607
3099,0.70902205
3100,1.5954564
3101,0.5891932
3102,1.5658553
3103,2.0648983
3104,2.2725668
3105,4.4831824
3106,5.1514134
3107,3.0491014
3108,3.4397361
3109,3.6728253
3110,6.517483
3111,5.9474053
3112,6.631043
3113,4.247329
3114,4.882288
3115,4.8706274
3116,4.9477887
3117,3.1405945
3118,7.0017476
3119,6.888527
3120,4.7894683
3121,7.5137944
3122,4.783695
3123,3.1653655
3124,16.808006
3125,17.574635
3126,16.93937
3127,16.522112
3128,3.3495882
3129,4.7799325
3130,2.450438
3131,3.125901
3132,13.327999
3133,9.337376
3134,7.7596374
3135,7.785385
3136,5.1947207
3137,4.7113986
3138,7.6367207
3139,8.647997
3140,10.496317
3141,12.905144
3142,7.731939
3143,5.9758973
3144,10.318693
3145,9.143723
3146,9.010582
3147,7.58443
3148,6.593277
3149,18.5777
3150,6.631043
3151,4.999016
3152,4.1987057
3153,4.3507514
3154,0.6616924
3155,0.92807937
3156,1.3448706
3157,0.4667375
3158,0.9884075
3159,0.9785259
3160,1.119191
3161,0.64779055
3162,0.88785124
3163,2.240951
3164,0.56339556
3165,0.47295368
3166,0.3329687
3167,0.58451176
3168,0.9300399
3169,1.2189345
3170,4.6629376
3171,2.981566
3172,1.5260111
3173,0.72337854
3174,1.577425
3175,2.8002381
3176,3.2733803
3177,34.563858
3178,6.4027
3179,3.9579778
3180,8.021538
3181,7.88538
3182,7.8426723
3183,3.4405594
3184,4.739491
3185,4.5023646
3186,3.0653315
3187,8.806566
3188,10.051777
3189,7.214249
3190,3.436949
3191,6.2815237
3192,6.8064885
3193,3.715684
3194,6.178494
3195,8.886972
3196,5.1662784
3197,4.6514435
3198,8.475845
3199,6.8565774
3200,3.6206815
3201,4.040312
3202,5.7886367
3203,12.8342705
3204,10.893021
3205,19.049849
3206,9.730515
3207,16.98478
3208,13.50139
3209,18.323816
3210,16.563019
3211,18.080576
3212,5.9454026
3213,7.260741
3214,7.671371
3215,7.6834264
3216,7.240258
3217,2.9616115
3218,4.8342195
3219,6.4139805
3220,4.5214777
3221,1.6126714
3222,1.6206307
3223,2.4690404
3224,1.4079227
3225,3.9417753
3226,3.8581314
3227,2.9302175
3228,5.6468544
3229,5.6401176
3230,3.0411646
3231,3.8560224
3232,3.3187144
3233,6.3058457
3234,4.427237
3235,4.928309
3236,7.941789
3237,6.6057696
3238,6.9648724
3239,7.010875
3240,6.8791537
3241,29.836374
3242,29.333971
3243,27.160717
3244,5.202772
3245,8.918362
3246,5.2027645
3247,4.819067
3248,4.6794395
3249,7.5404544
3250,8.455254
3251,2.4551637
3252,12.297831
3253,3.3493009
3254,4.74756
3255,5.5435944
3256,12.068367
3257,1.763125
3258,9.507551
3259,1.6861844
3260,4.999016
3261,4.597423
3262,3.393827
3263,4.219647
3264,5.977278
3265,1.3544037
3266,4.2684097
3267,13.523453
3268,11.150652
3269,8.370066
3270,9.236828
3271,4.137345
3272,4.008086
3273,17.389854
3274,9.785625
3275,6.078743
3276,1.4782732
3277,7.9396396
3278,12.543951
3279,10.35961
3280,6.230566
3281,2.6727061
3282,10.733664
3283,17.389854
3284,4.6678786
3285,11.505516
3286,10.128092
3287,11.921766
3288,10.250828
3289,2.090466
3290,1.2459476
3291,2.1690137
3292,1.0261499
3293,0.86756384
3294,1.801058
3295,65.57612
3296,7.402662
3297,8.856663
3298,5.9147387
3299,5.6546493
3300,7.90579
3301,3.0339432
3302,1.6946847
3303,3.1595898
3304,3.6392329
3305,8.849075
3306,7.471357
3307,3.0339432
3308,7.510987
3309,6.9655204
3310,18.394867
3311,3.5051665
3312,3.5374103
3313,18.394867
3314,13.871826
3315,2.8450053
3316,4.5466843
3317,3.7617624
3318,3.555345
3319,5.379933
3320,4.5791874
3321,4.000588
3322,5.112726
3323,18.167374
3324,1.1108752
3325,15.815371
3326,15.815371
3327,5.128796
3328,3.6663642
3329,4.0034304
3330,4.3536487
3331,11.910006
3332,11.910006
3333,8.742052
3334,4.859322
3335,6.009527
3336,3.2628007
3337,6.8029265
3338,4.530772
3339,4.956185
3340,6.348845
3341,5.7981434
3342,1.509882
3343,3.1857662
3344,11.374416
3345,11.308786
3346,11.321756
3347,9.967339
3348,14.797701
3349,15.490219
3350,15.298086
3351,1.461184
3352,15.619671
3353,15.298201
3354,13.388786
3355,19.049849
3356,9.640364
3357,8.1857605
3358,8.491955
3359,4.220981
3360,5.2422004
3361,0.77193207
3362,0.92222804
3363,0.73197365
3364,1.8413901
3365,1.6548704
3366,1.662473
3367,1.6951389
3368,1.6435885
3369,1.6076142
3370,1.6003673
3371,1.6951389
3372,4.452307
3373,12.067034
3374,12.134998
3375,6.8006983
3376,11.459463
3377,9.692179
3378,13.144852
3379,11.204853
3380,10.9613495
3381,9.786921
3382,12.820885
3383,3.31435
3384,2.7512012
3385,2.629089
3386,4.5346823
3387,3.6968017
3388,4.425172
3389,2.7184143
3390,4.7573895
3391,121.37169
3392,123.83552
3393,124.33711
3394,116.74144
3395,32.836926
3396,19.848478
3397,2.1736262
3398,2.1447072
3399,2.7001283
3400,8.156588
3401,15.581804
3402,28.311535
3403,14.305162
3404,107.40351
3405,105.195854
3406,86.41351
3407,85.65629
3408,81.432365
3409,72.267044
3410,2.6758583
3411,20.604485
3412,21.895348
3413,70.60371
3414,7.491781
3415,1.5579271
3416,15.344969
3417,14.045319
3418,1.2897496
3419,7.671371
3420,0.6872144
3421,7.0966167
3422,1.172831
3423,1.1943885
3424,7.336661
3425,5.098825
3426,3.33864
3427,3.3031218
3428,3.3531737
3429,-0.034199476
3430,1.7546
3431,9.080708
3432,8.638546
3433,8.3123
3434,6.052277
3435,6.393542
3436,38.723618
3437,3.9819562
3438,1.9907277
3439,6.4537916
3440,7.491781
3441,5.563097
3442,8.782953
3443,7.1129284
3444,7.0523696
3445,14.141735
3446,10.647892
3447,71.50632
3448,99.43452
3449,9.668249
3450,3.8894873
3451,5.9482102
3452,114.04764
3453,97.75106
3454,98.94514
3455,108.711655
3456,104.9062
3457,100.34164
3458,1.825994
3459,1.927207
3460,1.5634922
3461,2.09204
3462,0.79408056
3463,1.7443163
3464,1.7394289
3465,9.116623
3466,3.7480621
3467,2.4323535
3468,3.8362265
3469,0.45597348
3470,3.0871978
3471,109.63439
3472,111.24504
3473,25.55875
3474,24.808676
3475,8.688322
3476,4.6706157
3477,6.2467494
3478,4.546591
3479,6.4981165
3480,5.876109
3481,107.505974
3482,7.178354
3483,1.4408284
3484,2.9212193
3485,35.04204
3486,43.252613
3487,29.317715
3488,7.4355426
3489,37.81282
3490,4.6678786
3491,45.610676
3492,48.21716
3493,42.731197
3494,50.285305
3495,46.875427
3496,27.396149
3497,54.328274
3498,26.977234
3499,2.5633492
3500,3.2490914
3501,42.252235
3502,54.328274
3503,10.183773
3504,5.849631
3505,2.7925806
3506,0.7908927
3507,7.4355426
3508,69.59252
3509,24.8942
3510,5.555177
3511,2.0119407
3512,4.5204015
3513,2.2357068
3514,-0.4422735
3515,9.068346
3516,2.0978136
3517,30.348003
3518,4.7226915
3519,99.43452
3520,9.263279
3521,24.258041
3522,21.997593
3523,24.931362
3524,29.539406
3525,20.559666
3526,19.66502
3527,19.18539
3528,20.41014
3529,23.208046
3530,22.616257
3531,54.894108
3532,28.942059
3533,9.004442
3534,26.977234
3535,4.544201
3536,9.338608
3537,-0.4422735
3538,26.977234
3539,24.81544
3540,16.871552
3541,31.819723
3542,21.764378
3543,10.827663
3544,31.769306
3545,5.79187
3546,2.3435435
3547,4.471217
3548,3.4305732
3549,92.437706
3550,87.72082
3551,94.6467
3552,93.50309
3553,57.65533
3554,100.56354
3555,103.49489
3556,18.047962
3557,16.705177
3558,10.461767
3559,13.865837
3560,13.232225
3561,1.9269252
3562,1.9724948
3563,1.0740019
3564,18.310337
3565,41.334606
3566,11.593594
3567,11.280113
3568,11.07025
3569,10.796057
3570,6.718494
3571,1.7202189
3572,1.7237139
3573,51.580433
3574,26.32295
3575,12.328217
3576,8.623678
3577,7.0904403
3578,12.37932
3579,11.247068
3580,14.864569
3581,26.32295
3582,55.75451
3583,13.980898
3584,58.836937
3585,26.26858
3586,7.58443
3587,3.5152485
3588,7.8334994
3589,20.8271
3590,31.724077
3591,100.12767
3592,77.56189
3593,31.892673
3594,9.551706
3595,18.994028
3596,15.932579
3597,27.916008
3598,4.6728907
3599,2.3459387
3600,2.7622292
3601,27.916008
3602,42.581238
3603,16.873493
3604,16.652515
3605,17.881687
3606,4.6706157
3607,4.4506664
3608,2.384013
3609,3.1105752
3610,18.310337
3611,15.743866
3612,14.253548
3613,22.240776
3614,14.671608
3615,1.6432363
3616,1.3882775
3617,3.3807764
3618,51.580433
3619,29.871601
3620,28.685284
3621,18.691578
3622,28.602383
3623,26.977234
3624,22.240776
3625,31.724077
3626,16.2294
3627,8.701212
3628,14.793957
3629,8.593967
3630,26.796644
3631,14.253548
3632,14.430557
3633,14.179407
3634,15.379799
3635,27.110239
3636,45.610676
3637,73.033585
3638,85.269356
3639,88.65522
3640,51.343132
3641,48.80717
3642,47.958717
3643,55.48683
3644,9.669525
3645,9.7045
3646,9.607471
3647,27.30615
3648,28.001806
3649,17.205778
3650,44.07723
3651,4.6063533
3652,7.671371
3653,2.1860192
3654,4.0194874
3655,1.8418071
3656,13.773481
3657,4.0194874
3658,3.723475
3659,23.793419
3660,9.772245
3661,16.873493
3662,21.744576
3663,14.292162
3664,107.803474
3665,1.0858121
3666,14.214855
3667,13.99132
3668,56.55821
3669,1.768498
3670,12.0307255
3671,12.75989
3672,3.148243
3673,9.801701
3674,1.4159557
3675,9.914898
3676,3.5881114
3677,29.6971
3678,31.325758
3679,23.969826
3680,34.058765
3681,7.1027393
3682,10.77651
3683,1.8691584
3684,12.310381
3685,16.33687
3686,12.310381
3687,7.8963685
3688,7.4854207
3689,7.4227495
3690,5.849631
3691,6.475889
3692,7.313052
3693,5.260065
3694,5.8780665
3695,3.9967523
3696,8.016443
3697,6.9611416
3698,5.716026
3699,13.386686
3700,11.237257
3701,18.775387
3702,4.459587
3703,1.8293893
3704,37.322758
3705,32.49081
3706,4.1811185
3707,4.5934396
3708,3.3234286
3709,5.7017837
3710,2.634548
3711,8.671572
3712,15.743866
3713,25.964918
3714,17.013908
3715,16.506552
3716,15.350203
3717,15.279684
3718,4.151052
3719,3.3571973
3720,2.8789663
3721,30.827091
3722,14.888224
3723,13.801064
3724,15.825138
3725,9.346159
3726,16.638851
3727,16.638851
3728,17.256176
3729,12.174936
3730,16.947681
3731,6.805573
3732,76.09024
3733,21.337461
3734,26.35594
3735,21.891628
3736,43.436237
3737,46.1753
3738,1.4599142
3739,1.4561352
3740,13.28297
3741,106.22401
3742,57.688736
3743,1.9185522
3744,27.110239
3745,6.966953
3746,16.38483
3747,24.307957
3748,16.448477
3749,29.093193
3750,26.869581
3751,22.559822
3752,22.455885
3753,21.42748
3754,6.3295155
3755,74.57596
3756,80.22189
3757,1.9505061
3758,36.102352
3759,1.7202189
3760,1.4708873
3761,9.832924
3762,17.68033
3763,12.932404
3764,21.647152
3765,16.88348
3766,31.605705
3767,19.840878
3768,9.7285
3769,9.7285
3770,9.7285
3771,9.607471
3772,2.2766562
3773,26.812775
3774,26.991856
3775,26.26858
3776,1.526339
3777,2.077754
3778,10.146713
3779,9.217632
3780,10.388533
3781,9.674976
3782,12.6807575
3783,20.86063
3784,35.786587
3785,4.049571
3786,1.9045694
3787,2.7973475
3788,26.87281
3789,19.19281
3790,34.704777
3791,30.839365
3792,35.339157
3793,29.64752
3794,24.725168
3795,14.786346
3796,10.820957
3797,10.60652
3798,10.012976
3799,8.750757
3800,20.53272
3801,17.68033
3802,1.6765541
3803,26.796644
3804,1.9571173
3805,1.2868664
3806,1.2794755
3807,1.2760378
3808,6.5119495
3809,18.047962
3810,98.41656
3811,90.58971
3812,50.326466
3813,28.919966
3814,83.27856
3815,110.02655
3816,72.21717
3817,104.95146
3818,117.108894
3819,26.20722
3820,14.609871
3821,19.47892
3822,0.05169964
3823,35.247417
3824,6.19435
3825,1.5579271
3826,6.5647163
3827,33.688526
3828,7.328643
3829,7.328643
3830,13.480846
3831,4.6706157
3832,9.674976
3833,4.9503922
3834,6.6581097
3835,6.292382
3836,5.9546967
3837,5.5058913
3838,10.681948
3839,3.9912045
3840,2.7880573
3841,3.326724
3842,2.67368
3843,1.6473384
3844,22.001158
3845,39.00056
3846,27.85736
3847,29.64752
3848,64.72878
3849,82.1747
3850,13.768099
3851,22.788815
3852,17.266577
3853,36.907642
3854,36.390247
3855,36.933952
3856,14.141735
3857,24.72475
3858,14.683443
3859,21.376923
3860,15.743866
3861,17.01867
3862,30.89804
3863,29.64752
3864,35.181095
3865,24.838085
3866,22.19897
3867,23.014597
3868,15.403229
3869,12.418119
3870,13.125015
3871,5.010975
3872,6.220323
3873,1.8398857
3874,10.340141
3875,10.305553
3876,35.354088
3877,20.37078
3878,51.186375
3879,14.881372
3880,14.793957
3881,11.378866
3882,58.71387
3883,81.97546
3884,79.418945
3885,63.88954
3886,41.27422
3887,31.079374
3888,2.3459191
3889,17.36616
3890,16.554132
3891,12.51977
3892,35.717285
3893,26.032154
3894,29.93974
3895,14.304861
3896,13.771339
3897,12.320356
3898,12.823326
3899,4.473074
3900,2.8228176
3901,2.8228176
3902,7.365805
3903,14.104755
3904,14.470551
3905,3.0548215
3906,2.3459191
3907,3.0454478
3908,2.7308762
3909,10.185827
3910,3.3502498
3911,29.845154
3912,18.362856
3913,27.595726
3914,49.7407
3915,16.194094
3916,6.433739
3917,15.924002
3918,3.8064024
3919,3.6632442
3920,3.5471382
3921,3.7528667
3922,2.8265479
3923,22.54993
3924,22.82973
3925,1.961985
3926,6.9645514
3927,3.1487138
3928,89.477394
3929,120.271706
3930,3.9836874
3931,4.1003404
3932,4.3519106
3933,4.673474
3934,5.35313
3935,2.1648088
3936,3.103508
3937,111.37305
3938,107.26295
3939,3.4803567
3940,22.824028
3941,6.333679
3942,35.450733
3943,25.964918
3944,23.170017
3945,22.143927
3946,40.946117
3947,29.756695
3948,26.77536
3949,2.0386834
3950,2.0682871
3951,12.309557
3952,7.421966
3953,6.8931437
3954,0.14008725
3955,14.75219
3956,14.92675
3957,22.806105
3958,23.31686
3959,18.047962
3960,10.786091
3961,26.796644
3962,29.059204
3963,11.561449
3964,11.2518425
3965,4.015174
3966,9.683596
3967,9.276215
3968,20.206903
3969,1.1629798
3970,31.834602
3971,26.26858
3972,20.01693
3973,6.2063336
3974,3.2121696
3975,2.7945514
3976,3.0108159
3977,34.351906
3978,30.634418
3979,16.701195
3980,19.837713
3981,7.9043555
3982,1.5579271
3983,2.1329827
3984,20.15235
3985,4.0997033
3986,3.3279963
3987,3.5334766
3988,23.24096
3989,20.378744
3990,24.345074
3991,3.1487138
3992,40.23009
3993,51.06841
3994,4.5914345
3995,4.08407
3996,2.6193044
3997,3.0337138
3998,1.9561756
3999,3.9692297
4000,37.396885
4001,4.071432
4002,6.8032
4003,4.1169786
4004,3.715961
4005,4.868362
4006,36.395226
4007,12.757456
4008,19.229961
4009,5.455213
4010,4.054817
4011,3.8523123
4012,4.228561
4013,5.147482
4014,7.0581183
4015,2.238507
4016,2.2550056
4017,35.181095
4018,3.8406358
4019,20.422812
4020,20.369356
4021,20.315462
4022,12.228863
4023,28.482475
4024,1.3336368
4025,15.979202
4026,19.311039
4027,2.1151984
4028,2.4631958
4029,16.733181
4030,2.8176665
4031,4.5914345
4032,6.170451
4033,15.84539
4034,5.8905735
4035,1.199134
4036,4.264844
4037,4.8868756
4038,7.135883
4039,9.157429
4040,14.85162
4041,2.020483
4042,3.295635
4043,3.7140326
4044,20.02933
4045,2.1246936
4046,4.913656
4047,4.2957206
4048,6.209619
4049,7.659846
4050,32.017033
4051,56.63831
4052,52.93111
4053,15.831509
4054,14.971411
4055,54.832302
4056,14.793957
4057,3.8024797
4058,3.8197267
4059,3.857665
4060,4.0608964
4061,50.545525
4062,1.978667
4063,2.1743991
4064,2.0896301
4065,2.5564466
4066,2.4447577
4067,2.8100624
4068,1.629242
4069,17.171444
4070,4.5914345
4071,28.396915
4072,27.543922
4073,32.944176
4074,27.127546
4075,4.2656703
4076,4.578746
4077,4.095104
4078,4.7787337
4079,4.6213284
4080,3.8197267
4081,3.924127
4082,4.273092
4083,4.3408976
4084,4.883494
4085,5.5482507
4086,21.936577
4087,20.998705
4088,3.9383621
4089,55.555073
4090,31.47801
4091,46.30369
4092,36.425976
4093,34.652943
4094,2.6390028
4095,3.9952874
4096,4.375869
4097,3.2191343
4098,53.077663
4099,4.1391907
4100,4.301023
4101,11.775358
4102,20.530113
4103,23.766151
4104,21.086367
4105,19.497894
4106,23.606659
4107,15.962521
4108,13.579206
4109,0.58900166
4110,2.9725604
4111,2.5015526
4112,6.174154
4113,6.2822084
4114,6.41608
4115,20.18469
4116,3.0924711
4117,30.380285
4118,23.029818
4119,5.9062076
4120,13.788633
4121,17.92659
4122,5.563097
4123,5.9062076
4124,28.728601
4125,27.149364
4126,20.36898
4127,26.73058
4128,3.9952874
4129,4.564667
4130,33.30425
4131,30.827091
4132,28.001806
4133,6.8629107
4134,3.952755
4135,21.915638
4136,6.8721633
4137,57.733208
4138,15.810431
4139,15.0241165
4140,14.445509
4141,2.116401
4142,0.99144554
4143,19.8209
4144,21.640087
4145,13.261351
4146,11.24612
4147,6.7212696
4148,3.924127
4149,4.3408976
4150,4.058022
4151,3.1487138
4152,7.902693
4153,6.0029006
4154,6.7881527
4155,1.5196753
4156,33.167744
4157,1.4109597
4158,5.254548
4159,15.36982
4160,12.887751
4161,12.497967
4162,14.553385
4163,5.9062076
4164,0.6872144
4165,4.909642
4166,40.23009
4167,83.89126
4168,34.958244
4169,32.94782
4170,2.1078572
4171,2.014106
4172,1.8205931
4173,1.5644407
4174,4.05363
4175,3.061298
4176,12.321262
4177,5.6202393
4178,2.2299042
4179,6.9645514
4180,26.036312
4181,12.497679
4182,11.879559
4183,10.830511
4184,9.658636
4185,3.9995227
4186,22.743416
4187,27.861065
4188,11.561449
4189,31.693111
4190,3.2662134
4191,36.681362
4192,4.7039685
4193,6.729359
4194,6.409848
4195,5.5800047
4196,3.5979733
4197,3.419629
4198,2.6899865
4199,10.786091
4200,2.1626987
4201,2.2653396
4202,2.703097
4203,5.6633782
4204,21.183292
4205,9.371618
4206,38.54153
4207,14.816816
4208,24.042427
4209,124.21486
4210,132.26637
4211,3.6807978
4212,2.0100167
4213,3.330719
4214,1.5371926
4215,1.6469179
4216,1.6420734
4217,1.664605
4218,4.7039685
4219,26.812775
4220,20.832775
4221,40.759693
4222,3.3491664
4223,33.519096
4224,29.793032
4225,8.918362
4226,5.2027645
4227,4.6785464
4228,67.96407
4229,5.308809
4230,5.147482
4231,1.5569892
4232,1.5140742
4233,1.7546
4234,2.919954
4235,4.1841726
4236,15.192432
4237,12.445208
4238,16.150969
4239,31.591043
4240,20.288403
4241,1.5009712
4242,1.1475981
4243,1.6563225
4244,3.8351645
4245,3.3900614
4246,20.828844
4247,24.30278
4248,24.078127
4249,7.2929406
4250,2.8105326
4251,2.8943481
4252,2.8943481
